-- phpMyAdmin SQL Dump
-- version 5.0.2
-- https://www.phpmyadmin.net/
--
-- Host: localhost
-- Waktu pembuatan: 08 Sep 2020 pada 03.46
-- Versi server: 10.4.13-MariaDB
-- Versi PHP: 7.2.31

SET SQL_MODE = "NO_AUTO_VALUE_ON_ZERO";
START TRANSACTION;
SET time_zone = "+00:00";


/*!40101 SET @OLD_CHARACTER_SET_CLIENT=@@CHARACTER_SET_CLIENT */;
/*!40101 SET @OLD_CHARACTER_SET_RESULTS=@@CHARACTER_SET_RESULTS */;
/*!40101 SET @OLD_COLLATION_CONNECTION=@@COLLATION_CONNECTION */;
/*!40101 SET NAMES utf8mb4 */;

--
-- Database: `Finit8-pos`
--

-- --------------------------------------------------------

--
-- Struktur dari tabel `category`
--

CREATE TABLE `category` (
  `category_id` int(10) NOT NULL,
  `category_name` varchar(100) NOT NULL,
  `category_status` varchar(200) NOT NULL,
  `category_created_at` timestamp NOT NULL DEFAULT current_timestamp() ON UPDATE current_timestamp(),
  `category_update_at` timestamp NOT NULL DEFAULT '0000-00-00 00:00:00'
) ENGINE=InnoDB DEFAULT CHARSET=utf8mb4;

--
-- Dumping data untuk tabel `category`
--

INSERT INTO `category` (`category_id`, `category_name`, `category_status`, `category_created_at`, `category_update_at`) VALUES
(1, 'Food', '1', '2020-08-13 05:20:08', '0000-00-00 00:00:00'),
(2, 'Milk', '1', '2020-08-17 04:37:10', '2020-08-17 04:37:10'),
(3, 'Beverages', '1', '2020-08-13 05:41:39', '0000-00-00 00:00:00'),
(4, 'Meals', '1', '2020-08-13 12:22:27', '0000-00-00 00:00:00'),
(5, 'Coffe', '1', '2020-09-07 00:31:41', '2020-09-07 00:31:41');

-- --------------------------------------------------------

--
-- Struktur dari tabel `history`
--

CREATE TABLE `history` (
  `history_id` int(11) NOT NULL,
  `invoice` varchar(100) NOT NULL,
  `history_subTotal` int(11) NOT NULL,
  `history_created_at` timestamp NOT NULL DEFAULT current_timestamp(),
  `history_updated_at` timestamp NOT NULL DEFAULT '0000-00-00 00:00:00'
) ENGINE=InnoDB DEFAULT CHARSET=utf8mb4;

--
-- Dumping data untuk tabel `history`
--

INSERT INTO `history` (`history_id`, `invoice`, `history_subTotal`, `history_created_at`, `history_updated_at`) VALUES
(151, '173592', 187000, '2020-08-17 22:44:40', '0000-00-00 00:00:00'),
(153, '191823', 297000, '2020-08-17 22:57:51', '0000-00-00 00:00:00'),
(154, '161073', 0, '2020-08-17 23:03:19', '0000-00-00 00:00:00'),
(155, '147186', 297000, '2020-08-17 23:04:37', '0000-00-00 00:00:00'),
(156, '115740', 0, '2020-08-17 23:05:29', '0000-00-00 00:00:00'),
(157, '140057', 297000, '2020-08-17 23:07:42', '0000-00-00 00:00:00'),
(158, '196043', 297000, '2020-08-18 02:47:02', '0000-00-00 00:00:00'),
(159, 'IS-77038100000', 297000, '2020-08-18 04:22:33', '0000-00-00 00:00:00'),
(160, 'IS-1814', 297000, '2020-08-18 04:23:09', '0000-00-00 00:00:00'),
(161, 'IS-1110', 0, '2020-08-29 00:31:18', '0000-00-00 00:00:00'),
(162, 'IS-1180', 0, '2020-08-29 00:31:19', '0000-00-00 00:00:00'),
(163, 'IS-1430', 0, '2020-08-29 00:31:19', '0000-00-00 00:00:00'),
(164, 'IS-1548', 0, '2020-08-29 00:31:19', '0000-00-00 00:00:00'),
(165, 'IS-1333', 0, '2020-08-29 00:31:20', '0000-00-00 00:00:00'),
(166, 'IS-1910', 0, '2020-08-29 00:31:20', '0000-00-00 00:00:00'),
(167, 'IS-1646', 0, '2020-08-29 00:31:35', '0000-00-00 00:00:00'),
(168, 'IS-1535', 0, '2020-08-29 00:31:35', '0000-00-00 00:00:00'),
(169, 'IS-1985', 0, '2020-08-29 00:31:39', '0000-00-00 00:00:00'),
(170, 'IS-1575', 0, '2020-08-29 00:32:17', '0000-00-00 00:00:00'),
(171, 'IS-1744', 0, '2020-08-29 00:33:39', '0000-00-00 00:00:00'),
(172, 'IS-1327', 0, '2020-08-29 00:34:17', '0000-00-00 00:00:00'),
(173, 'IS-1648', 0, '2020-08-29 00:34:56', '0000-00-00 00:00:00'),
(174, 'IS-1433', 0, '2020-08-29 00:35:15', '0000-00-00 00:00:00'),
(175, 'IS-1631', 0, '2020-08-29 00:39:52', '0000-00-00 00:00:00'),
(176, 'IS-1617', 0, '2020-08-29 00:41:02', '0000-00-00 00:00:00'),
(177, 'IS-1639', 0, '2020-08-29 00:53:35', '0000-00-00 00:00:00'),
(178, 'IS-1099', 0, '2020-08-29 00:53:46', '0000-00-00 00:00:00'),
(179, 'IS-1204', 0, '2020-08-29 00:54:35', '0000-00-00 00:00:00'),
(180, 'IS-1120', 0, '2020-08-29 00:54:40', '0000-00-00 00:00:00'),
(181, 'IS-1908', 0, '2020-08-29 00:55:07', '0000-00-00 00:00:00'),
(182, 'IS-1660', 0, '2020-08-29 00:55:55', '0000-00-00 00:00:00'),
(183, 'IS-1651', 0, '2020-08-29 00:56:14', '0000-00-00 00:00:00'),
(184, 'IS-1877', 0, '2020-08-29 00:56:35', '0000-00-00 00:00:00'),
(185, 'IS-1761', 0, '2020-08-29 00:57:07', '0000-00-00 00:00:00'),
(186, 'IS-1515', 0, '2020-08-29 00:57:55', '0000-00-00 00:00:00'),
(187, 'IS-1563', 0, '2020-08-29 00:58:14', '0000-00-00 00:00:00'),
(188, 'IS-1150', 0, '2020-08-29 01:09:50', '0000-00-00 00:00:00'),
(189, 'IS-1401', 0, '2020-08-29 01:10:26', '0000-00-00 00:00:00'),
(190, 'IS-1539', 0, '2020-08-29 01:10:35', '0000-00-00 00:00:00'),
(191, 'IS-1037', 0, '2020-08-29 01:12:26', '0000-00-00 00:00:00'),
(192, 'IS-1088', 0, '2020-08-29 01:12:35', '0000-00-00 00:00:00'),
(193, 'IS-1854', 0, '2020-08-29 01:13:41', '0000-00-00 00:00:00'),
(194, 'IS-1062', 0, '2020-08-29 01:15:41', '0000-00-00 00:00:00'),
(195, 'IS-1195', 0, '2020-08-29 01:16:56', '0000-00-00 00:00:00'),
(196, 'IS-1284', 0, '2020-08-29 01:17:04', '0000-00-00 00:00:00'),
(197, 'IS-1755', 0, '2020-08-29 01:17:09', '0000-00-00 00:00:00'),
(198, 'IS-1466', 0, '2020-08-29 01:17:48', '0000-00-00 00:00:00'),
(199, 'IS-1975', 0, '2020-08-29 01:18:53', '0000-00-00 00:00:00'),
(200, 'IS-1206', 0, '2020-08-29 01:18:56', '0000-00-00 00:00:00'),
(201, 'IS-1900', 0, '2020-08-29 01:19:04', '0000-00-00 00:00:00'),
(202, 'IS-1189', 0, '2020-08-29 01:19:32', '0000-00-00 00:00:00'),
(203, 'IS-1981', 0, '2020-08-29 01:19:48', '0000-00-00 00:00:00'),
(204, 'IS-1348', 0, '2020-08-29 01:20:53', '0000-00-00 00:00:00'),
(205, 'IS-1155', 0, '2020-08-29 01:21:32', '0000-00-00 00:00:00'),
(206, 'IS-1543', 0, '2020-08-29 01:22:38', '0000-00-00 00:00:00'),
(207, 'IS-1815', 0, '2020-08-29 01:22:55', '0000-00-00 00:00:00'),
(208, 'IS-1142', 0, '2020-08-29 01:24:38', '0000-00-00 00:00:00'),
(209, 'IS-1026', 0, '2020-08-29 01:24:55', '0000-00-00 00:00:00'),
(210, 'IS-1492', 0, '2020-08-29 01:25:48', '0000-00-00 00:00:00'),
(211, 'IS-1003', 0, '2020-08-29 01:27:48', '0000-00-00 00:00:00'),
(212, 'IS-1129', 0, '2020-08-29 01:32:19', '0000-00-00 00:00:00'),
(213, 'IS-1216', 0, '2020-08-29 01:33:14', '0000-00-00 00:00:00'),
(214, 'IS-1642', 0, '2020-08-29 01:33:27', '0000-00-00 00:00:00'),
(215, 'IS-1147', 0, '2020-08-29 01:34:19', '0000-00-00 00:00:00'),
(216, 'IS-1960', 0, '2020-08-29 01:34:48', '0000-00-00 00:00:00'),
(217, 'IS-1878', 0, '2020-08-29 01:34:56', '0000-00-00 00:00:00'),
(218, 'IS-1918', 0, '2020-08-29 01:36:56', '0000-00-00 00:00:00'),
(219, 'IS-1761', 0, '2020-08-29 01:37:59', '0000-00-00 00:00:00'),
(220, 'IS-1685', 0, '2020-08-29 01:38:29', '0000-00-00 00:00:00'),
(221, 'IS-1423', 0, '2020-08-29 01:38:44', '0000-00-00 00:00:00'),
(222, 'IS-1940', 0, '2020-08-29 01:39:00', '0000-00-00 00:00:00'),
(223, 'IS-1387', 0, '2020-08-29 01:39:59', '0000-00-00 00:00:00'),
(224, 'IS-1035', 0, '2020-08-29 01:40:18', '0000-00-00 00:00:00'),
(225, 'IS-1034', 0, '2020-08-29 01:40:29', '0000-00-00 00:00:00'),
(226, 'IS-1031', 0, '2020-08-29 01:40:39', '0000-00-00 00:00:00'),
(227, 'IS-1238', 0, '2020-08-29 01:40:44', '0000-00-00 00:00:00'),
(228, 'IS-1024', 0, '2020-08-29 01:41:00', '0000-00-00 00:00:00'),
(229, 'IS-1899', 0, '2020-08-29 01:41:59', '0000-00-00 00:00:00'),
(230, 'IS-1198', 0, '2020-08-29 01:42:18', '0000-00-00 00:00:00'),
(231, 'IS-1724', 0, '2020-08-29 01:42:39', '0000-00-00 00:00:00'),
(232, 'IS-1538', 0, '2020-08-29 01:43:00', '0000-00-00 00:00:00'),
(233, 'IS-1953', 0, '2020-08-29 01:51:23', '0000-00-00 00:00:00'),
(234, 'IS-1665', 0, '2020-08-29 01:51:45', '0000-00-00 00:00:00'),
(235, 'IS-1878', 0, '2020-08-29 01:53:18', '0000-00-00 00:00:00'),
(236, 'IS-1850', 0, '2020-08-29 01:53:41', '0000-00-00 00:00:00'),
(237, 'IS-1877', 0, '2020-08-29 01:53:44', '0000-00-00 00:00:00'),
(238, 'IS-1721', 0, '2020-08-29 01:54:04', '0000-00-00 00:00:00'),
(239, 'IS-1401', 0, '2020-08-29 01:55:13', '0000-00-00 00:00:00'),
(240, 'IS-1719', 0, '2020-08-29 01:55:41', '0000-00-00 00:00:00'),
(241, 'IS-1066', 0, '2020-08-29 01:56:04', '0000-00-00 00:00:00'),
(242, 'IS-1049', 0, '2020-08-29 01:56:25', '0000-00-00 00:00:00'),
(243, 'IS-1019', 0, '2020-08-29 01:56:58', '0000-00-00 00:00:00'),
(244, 'IS-1654', 0, '2020-08-29 01:57:13', '0000-00-00 00:00:00'),
(245, 'IS-1936', 0, '2020-08-29 01:57:41', '0000-00-00 00:00:00'),
(246, 'IS-1052', 0, '2020-08-29 01:58:25', '0000-00-00 00:00:00'),
(247, 'IS-1911', 0, '2020-08-29 01:58:58', '0000-00-00 00:00:00'),
(248, 'IS-1543', 0, '2020-08-29 02:04:34', '0000-00-00 00:00:00'),
(249, 'IS-1139', 0, '2020-08-29 02:06:34', '0000-00-00 00:00:00'),
(250, 'IS-1454', 0, '2020-08-29 02:18:07', '0000-00-00 00:00:00'),
(251, 'IS-1059', 297000, '2020-08-29 02:18:35', '0000-00-00 00:00:00'),
(252, 'IS-1674', 0, '2020-08-29 02:22:13', '0000-00-00 00:00:00'),
(253, 'IS-1993', 0, '2020-08-29 02:22:40', '0000-00-00 00:00:00'),
(254, 'IS-1316', 0, '2020-08-29 02:53:31', '0000-00-00 00:00:00'),
(255, 'IS-1408', 0, '2020-08-29 02:55:31', '0000-00-00 00:00:00'),
(256, 'IS-1728', 0, '2020-08-29 03:00:46', '0000-00-00 00:00:00'),
(257, 'IS-1662', 0, '2020-08-29 03:00:58', '0000-00-00 00:00:00'),
(258, 'IS-1789', 0, '2020-08-29 03:02:58', '0000-00-00 00:00:00'),
(259, 'IS-1259', 0, '2020-08-29 03:04:49', '0000-00-00 00:00:00'),
(260, 'IS-1877', 0, '2020-08-29 03:05:41', '0000-00-00 00:00:00'),
(261, 'IS-1783', 0, '2020-08-29 03:05:50', '0000-00-00 00:00:00'),
(262, 'IS-1233', 0, '2020-08-29 03:06:38', '0000-00-00 00:00:00'),
(263, 'IS-1594', 0, '2020-08-29 03:07:50', '0000-00-00 00:00:00'),
(264, 'IS-1995', 0, '2020-08-29 03:08:38', '0000-00-00 00:00:00'),
(265, 'IS-1361', 0, '2020-08-29 03:14:14', '0000-00-00 00:00:00'),
(266, 'IS-1142', 0, '2020-08-29 03:21:21', '0000-00-00 00:00:00'),
(267, 'IS-1513', 0, '2020-08-29 03:22:18', '0000-00-00 00:00:00'),
(268, 'IS-1692', 297000, '2020-08-29 03:22:38', '0000-00-00 00:00:00'),
(269, 'IS-1233', 0, '2020-08-29 03:23:37', '0000-00-00 00:00:00'),
(270, 'IS-1673', 0, '2020-08-29 03:44:25', '0000-00-00 00:00:00'),
(271, 'IS-1926', 0, '2020-08-29 03:44:41', '0000-00-00 00:00:00'),
(272, 'IS-1872', 0, '2020-08-29 03:46:05', '0000-00-00 00:00:00'),
(273, 'IS-1798', 0, '2020-08-29 03:48:59', '0000-00-00 00:00:00'),
(274, 'IS-1208', 0, '2020-08-29 03:52:49', '0000-00-00 00:00:00'),
(275, 'IS-1318', 66000, '2020-08-29 05:43:00', '0000-00-00 00:00:00'),
(276, 'IS-1715', 66000, '2020-08-29 05:45:19', '0000-00-00 00:00:00'),
(277, 'IS-1794', 66000, '2020-08-29 05:55:22', '0000-00-00 00:00:00'),
(278, 'IS-1640', 242000, '2020-08-29 16:47:26', '0000-00-00 00:00:00'),
(279, 'IS-1369', 146300, '2020-08-29 23:05:13', '0000-00-00 00:00:00'),
(280, 'IS-1867', 110000, '2020-08-30 00:17:51', '0000-00-00 00:00:00'),
(281, 'IS-1535', 96800, '2020-08-30 00:27:37', '0000-00-00 00:00:00'),
(282, 'IS-1650', 110000, '2020-08-30 01:31:40', '0000-00-00 00:00:00'),
(283, 'IS-1245', 77000, '2020-08-30 04:49:23', '0000-00-00 00:00:00'),
(284, 'IS-1816', 33000, '2020-08-30 04:52:45', '0000-00-00 00:00:00'),
(285, 'IS-1047', 69300, '2020-08-30 07:34:11', '0000-00-00 00:00:00'),
(286, 'IS-1162', 470800, '2020-08-30 08:35:06', '0000-00-00 00:00:00'),
(287, 'IS-1238', 209000, '2020-08-30 10:06:01', '0000-00-00 00:00:00'),
(288, 'IS-1457', 66000, '2020-08-30 14:08:12', '0000-00-00 00:00:00'),
(289, 'IS-1792', 77000, '2020-08-30 15:07:35', '0000-00-00 00:00:00'),
(290, 'IS-1096', 627000, '2020-08-30 22:52:04', '0000-00-00 00:00:00'),
(291, 'IS-1081', 44000, '2020-08-30 22:56:27', '0000-00-00 00:00:00'),
(292, 'IS-1341', 212300, '2020-08-31 02:21:16', '0000-00-00 00:00:00'),
(293, 'IS-1452', 297000, '2020-09-05 15:07:12', '0000-00-00 00:00:00'),
(294, 'IS-1022', 242000, '2020-09-06 13:19:49', '0000-00-00 00:00:00'),
(295, 'IS-1951', 242000, '2020-09-07 03:26:09', '0000-00-00 00:00:00');

-- --------------------------------------------------------

--
-- Struktur dari tabel `orders`
--

CREATE TABLE `orders` (
  `order_id` int(10) NOT NULL,
  `history_id` int(11) NOT NULL,
  `product_id` int(11) NOT NULL,
  `order_qty` int(11) NOT NULL,
  `total_price` int(11) NOT NULL
) ENGINE=InnoDB DEFAULT CHARSET=utf8mb4;

--
-- Dumping data untuk tabel `orders`
--

INSERT INTO `orders` (`order_id`, `history_id`, `product_id`, `order_qty`, `total_price`) VALUES
(167, 151, 34, 3, 90000),
(172, 155, 36, 2, 120000),
(173, 155, 37, 3, 150000),
(174, 157, 36, 2, 120000),
(175, 157, 37, 3, 150000),
(176, 158, 36, 2, 120000),
(177, 158, 37, 3, 150000),
(178, 159, 36, 2, 120000),
(179, 159, 37, 3, 150000),
(180, 160, 36, 2, 120000),
(181, 160, 37, 3, 150000),
(182, 251, 36, 2, 120000),
(183, 251, 37, 3, 150000),
(184, 268, 36, 2, 120000),
(185, 268, 37, 3, 150000),
(186, 275, 36, 1, 60000),
(187, 276, 36, 1, 60000),
(188, 277, 36, 1, 60000),
(189, 278, 36, 1, 60000),
(190, 278, 37, 1, 40000),
(191, 278, 38, 2, 120000),
(192, 279, 36, 1, 60000),
(193, 279, 37, 1, 40000),
(194, 279, 42, 1, 33000),
(195, 280, 36, 1, 60000),
(196, 280, 37, 1, 40000),
(197, 281, 36, 1, 60000),
(198, 281, 41, 1, 28000),
(199, 282, 36, 1, 60000),
(200, 282, 40, 1, 10000),
(201, 282, 38, 1, 30000),
(202, 283, 37, 1, 40000),
(203, 283, 38, 1, 30000),
(204, 284, 38, 1, 30000),
(205, 285, 38, 1, 30000),
(206, 285, 42, 1, 33000),
(207, 286, 57, 1, 40000),
(208, 286, 61, 3, 360000),
(209, 286, 41, 1, 28000),
(210, 287, 38, 1, 30000),
(211, 287, 37, 2, 160000),
(212, 288, 36, 1, 60000),
(213, 289, 36, 1, 60000),
(214, 289, 40, 1, 10000),
(215, 290, 49, 3, 450000),
(216, 290, 44, 1, 60000),
(217, 290, 45, 1, 60000),
(218, 291, 37, 1, 40000),
(219, 292, 37, 1, 40000),
(220, 292, 38, 2, 120000),
(221, 292, 42, 1, 33000),
(222, 293, 36, 2, 120000),
(223, 293, 37, 3, 150000),
(224, 294, 36, 2, 120000),
(225, 294, 37, 2, 100000),
(226, 295, 36, 2, 120000),
(227, 295, 37, 2, 100000);

-- --------------------------------------------------------

--
-- Struktur dari tabel `product`
--

CREATE TABLE `product` (
  `product_id` int(11) NOT NULL,
  `category_id` int(11) NOT NULL,
  `product_name` varchar(100) NOT NULL,
  `product_price` int(11) NOT NULL,
  `product_img` varchar(255) NOT NULL,
  `product_created_at` timestamp NOT NULL DEFAULT current_timestamp(),
  `product_update_at` timestamp NOT NULL DEFAULT '0000-00-00 00:00:00',
  `product_status` int(1) NOT NULL
) ENGINE=InnoDB DEFAULT CHARSET=utf8mb4;

--
-- Dumping data untuk tabel `product`
--

INSERT INTO `product` (`product_id`, `category_id`, `product_name`, `product_price`, `product_img`, `product_created_at`, `product_update_at`, `product_status`) VALUES
(36, 1, 'Coffe Latte', 60000, '', '2020-08-27 10:47:16', '0000-00-00 00:00:00', 1),
(37, 2, 'Cappucino', 40000, '', '2020-08-31 04:11:58', '0000-00-00 00:00:00', 1),
(38, 1, 'Frappucino', 30000, '', '2020-08-31 03:51:12', '0000-00-00 00:00:00', 1),
(40, 3, 'Espresso', 10000, '', '2020-08-25 00:57:05', '0000-00-00 00:00:00', 1),
(41, 3, 'Choco Rhum', 28000, '', '2020-08-25 00:58:00', '0000-00-00 00:00:00', 1),
(42, 3, 'Red Velvet Latte', 33000, '', '2020-08-25 00:58:27', '0000-00-00 00:00:00', 1),
(43, 3, 'Black Forest', 30000, '', '2020-08-25 00:59:00', '0000-00-00 00:00:00', 1),
(44, 2, 'Chicken Katsu Dabu-dabu', 60000, '', '2020-08-25 00:59:36', '0000-00-00 00:00:00', 1),
(45, 2, 'Salmon Truffle Teriyaki', 60000, '', '2020-08-25 01:00:01', '0000-00-00 00:00:00', 1),
(46, 1, 'Wiener Schnitzel', 69000, '', '2020-08-25 01:00:30', '0000-00-00 00:00:00', 1),
(49, 1, 'Mochacino', 50000, '', '2020-08-30 03:10:29', '0000-00-00 00:00:00', 1),
(53, 1, 'Choco Lava', 70000, '', '2020-08-30 03:08:13', '0000-00-00 00:00:00', 1),
(57, 1, 'Chocolate', 40000, '', '2020-08-27 06:01:47', '0000-00-00 00:00:00', 1),
(63, 2, 'Choco Nugget', 40000, '', '2020-08-30 16:12:33', '0000-00-00 00:00:00', 1),
(64, 2, 'Waffle Chocolate', 40000, '', '2020-08-30 23:15:52', '0000-00-00 00:00:00', 1),
(66, 3, 'Choco Lava', 20000, '', '2020-08-31 04:18:30', '0000-00-00 00:00:00', 1),
(79, 2, 'Red Velvet', 33000, '', '2020-09-05 09:51:42', '2020-09-05 09:56:52', 1),
(81, 2, 'Red Velvet', 30000, '2020-09-07T00-27-25.217Z-redvelvet.png', '2020-09-06 04:30:17', '2020-09-07 00:27:25', 1),
(82, 2, 'Coffe', 30000, '2020-09-07T01-37-41.927Z-bear.png', '2020-09-06 05:24:14', '2020-09-07 01:37:41', 1);

-- --------------------------------------------------------

--
-- Struktur dari tabel `user`
--

CREATE TABLE `user` (
  `user_id` int(11) NOT NULL,
  `user_email` varchar(150) NOT NULL,
  `user_password` varchar(255) NOT NULL,
  `user_name` varchar(100) NOT NULL,
  `user_role` int(1) NOT NULL,
  `user_created_at` timestamp NOT NULL DEFAULT current_timestamp() ON UPDATE current_timestamp(),
  `user_updated_at` timestamp NOT NULL DEFAULT '0000-00-00 00:00:00',
  `user_status` int(1) NOT NULL
) ENGINE=InnoDB DEFAULT CHARSET=utf8mb4;

--
-- Dumping data untuk tabel `user`
--

INSERT INTO `user` (`user_id`, `user_email`, `user_password`, `user_name`, `user_role`, `user_created_at`, `user_updated_at`, `user_status`) VALUES
(18, 'iqbalstwan@yahoo.com', '$2b$08$EzZqtUAfmGfcfBahwjWky.Hn22FprKruJn4llXEKI52F./1.hz8Si', 'browan', 1, '2020-09-07 00:20:33', '0000-00-00 00:00:00', 1),
(19, 'iqbalstwan@rokky.com', '$2b$08$I73yOZExEK9zeMaoxD50GuSz.xLwe72OqvhFw2Rhf2Il3NuzM1X6y', 'wanwan', 2, '2020-09-07 00:23:42', '0000-00-00 00:00:00', 0),
(20, 'iqbalstwan@outlook.com', '$2b$08$6MPen9U99skPiCBVsPgIBuNWD0XQIkGidzb4aXumyd.fy92jv7Y5m', 'wan', 2, '2020-09-07 03:29:10', '2020-09-07 03:29:10', 1),
(21, 'iqbalstwan@roky.com', '$2b$08$pmnvaIZl914dYuyWLdu7J.fbIuAHEerRCSkmtXlTLq1kt1A/TKHSC', 'wan', 2, '2020-09-07 03:29:56', '0000-00-00 00:00:00', 0);

--
-- Indexes for dumped tables
--

--
-- Indeks untuk tabel `category`
--
ALTER TABLE `category`
  ADD PRIMARY KEY (`category_id`);

--
-- Indeks untuk tabel `history`
--
ALTER TABLE `history`
  ADD PRIMARY KEY (`history_id`);

--
-- Indeks untuk tabel `orders`
--
ALTER TABLE `orders`
  ADD PRIMARY KEY (`order_id`);

--
-- Indeks untuk tabel `product`
--
ALTER TABLE `product`
  ADD PRIMARY KEY (`product_id`);

--
-- Indeks untuk tabel `user`
--
ALTER TABLE `user`
  ADD PRIMARY KEY (`user_id`);

--
-- AUTO_INCREMENT untuk tabel yang dibuang
--

--
-- AUTO_INCREMENT untuk tabel `category`
--
ALTER TABLE `category`
  MODIFY `category_id` int(10) NOT NULL AUTO_INCREMENT, AUTO_INCREMENT=6;

--
-- AUTO_INCREMENT untuk tabel `history`
--
ALTER TABLE `history`
  MODIFY `history_id` int(11) NOT NULL AUTO_INCREMENT, AUTO_INCREMENT=296;

--
-- AUTO_INCREMENT untuk tabel `orders`
--
ALTER TABLE `orders`
  MODIFY `order_id` int(10) NOT NULL AUTO_INCREMENT, AUTO_INCREMENT=228;

--
-- AUTO_INCREMENT untuk tabel `product`
--
ALTER TABLE `product`
  MODIFY `product_id` int(11) NOT NULL AUTO_INCREMENT, AUTO_INCREMENT=85;

--
-- AUTO_INCREMENT untuk tabel `user`
--
ALTER TABLE `user`
  MODIFY `user_id` int(11) NOT NULL AUTO_INCREMENT, AUTO_INCREMENT=22;
COMMIT;

/*!40101 SET CHARACTER_SET_CLIENT=@OLD_CHARACTER_SET_CLIENT */;
/*!40101 SET CHARACTER_SET_RESULTS=@OLD_CHARACTER_SET_RESULTS */;
/*!40101 SET COLLATION_CONNECTION=@OLD_COLLATION_CONNECTION */;
