-- phpMyAdmin SQL Dump
-- version 5.0.2
-- https://www.phpmyadmin.net/
--
-- Host: localhost
-- Waktu pembuatan: 15 Okt 2020 pada 15.40
-- Versi server: 10.4.13-MariaDB
-- Versi PHP: 7.2.31

SET SQL_MODE = "NO_AUTO_VALUE_ON_ZERO";
START TRANSACTION;
SET time_zone = "+00:00";


/*!40101 SET @OLD_CHARACTER_SET_CLIENT=@@CHARACTER_SET_CLIENT */;
/*!40101 SET @OLD_CHARACTER_SET_RESULTS=@@CHARACTER_SET_RESULTS */;
/*!40101 SET @OLD_COLLATION_CONNECTION=@@COLLATION_CONNECTION */;
/*!40101 SET NAMES utf8mb4 */;

--
-- Database: `finit8_new`
--

-- --------------------------------------------------------

--
-- Struktur dari tabel `category`
--

CREATE TABLE `category` (
  `category_id` int(10) NOT NULL,
  `category_name` varchar(100) NOT NULL,
  `category_status` varchar(200) NOT NULL,
  `category_created_at` timestamp NOT NULL DEFAULT current_timestamp() ON UPDATE current_timestamp(),
  `category_update_at` timestamp NOT NULL DEFAULT '0000-00-00 00:00:00'
) ENGINE=InnoDB DEFAULT CHARSET=utf8mb4;

--
-- Dumping data untuk tabel `category`
--

INSERT INTO `category` (`category_id`, `category_name`, `category_status`, `category_created_at`, `category_update_at`) VALUES
(1, 'Food', '1', '2020-08-13 05:20:08', '0000-00-00 00:00:00'),
(2, 'Milk', '1', '2020-08-17 04:37:10', '2020-08-17 04:37:10'),
(3, 'Beverages', '1', '2020-08-13 05:41:39', '0000-00-00 00:00:00'),
(4, 'Meals', '1', '2020-09-14 02:51:37', '2020-09-14 02:51:37'),
(13, 'Coffes', '1', '2020-09-14 02:51:42', '2020-09-14 02:51:42');

-- --------------------------------------------------------

--
-- Struktur dari tabel `history`
--

CREATE TABLE `history` (
  `history_id` int(11) NOT NULL,
  `invoice` varchar(100) NOT NULL,
  `history_subTotal` int(11) NOT NULL,
  `history_created_at` timestamp NOT NULL DEFAULT current_timestamp(),
  `history_updated_at` timestamp NOT NULL DEFAULT '0000-00-00 00:00:00'
) ENGINE=InnoDB DEFAULT CHARSET=utf8mb4;

--
-- Dumping data untuk tabel `history`
--

INSERT INTO `history` (`history_id`, `invoice`, `history_subTotal`, `history_created_at`, `history_updated_at`) VALUES
(151, '173592', 187000, '2020-08-17 22:44:40', '0000-00-00 00:00:00'),
(153, '191823', 297000, '2020-08-17 22:57:51', '0000-00-00 00:00:00'),
(154, '161073', 0, '2020-08-17 23:03:19', '0000-00-00 00:00:00'),
(155, '147186', 297000, '2020-08-17 23:04:37', '0000-00-00 00:00:00'),
(156, '115740', 0, '2020-08-17 23:05:29', '0000-00-00 00:00:00'),
(157, '140057', 297000, '2020-08-17 23:07:42', '0000-00-00 00:00:00'),
(158, '196043', 297000, '2020-08-18 02:47:02', '0000-00-00 00:00:00'),
(159, 'IS-77038100000', 297000, '2020-08-18 04:22:33', '0000-00-00 00:00:00'),
(160, 'IS-1814', 297000, '2020-08-18 04:23:09', '0000-00-00 00:00:00'),
(161, 'IS-1110', 0, '2020-08-29 00:31:18', '0000-00-00 00:00:00'),
(162, 'IS-1180', 0, '2020-08-29 00:31:19', '0000-00-00 00:00:00'),
(163, 'IS-1430', 0, '2020-08-29 00:31:19', '0000-00-00 00:00:00'),
(164, 'IS-1548', 0, '2020-08-29 00:31:19', '0000-00-00 00:00:00'),
(165, 'IS-1333', 0, '2020-08-29 00:31:20', '0000-00-00 00:00:00'),
(166, 'IS-1910', 0, '2020-08-29 00:31:20', '0000-00-00 00:00:00'),
(167, 'IS-1646', 0, '2020-08-29 00:31:35', '0000-00-00 00:00:00'),
(168, 'IS-1535', 0, '2020-08-29 00:31:35', '0000-00-00 00:00:00'),
(169, 'IS-1985', 0, '2020-08-29 00:31:39', '0000-00-00 00:00:00'),
(170, 'IS-1575', 0, '2020-08-29 00:32:17', '0000-00-00 00:00:00'),
(171, 'IS-1744', 0, '2020-08-29 00:33:39', '0000-00-00 00:00:00'),
(172, 'IS-1327', 0, '2020-08-29 00:34:17', '0000-00-00 00:00:00'),
(173, 'IS-1648', 0, '2020-08-29 00:34:56', '0000-00-00 00:00:00'),
(174, 'IS-1433', 0, '2020-08-29 00:35:15', '0000-00-00 00:00:00'),
(175, 'IS-1631', 0, '2020-08-29 00:39:52', '0000-00-00 00:00:00'),
(176, 'IS-1617', 0, '2020-08-29 00:41:02', '0000-00-00 00:00:00'),
(177, 'IS-1639', 0, '2020-08-29 00:53:35', '0000-00-00 00:00:00'),
(178, 'IS-1099', 0, '2020-08-29 00:53:46', '0000-00-00 00:00:00'),
(179, 'IS-1204', 0, '2020-08-29 00:54:35', '0000-00-00 00:00:00'),
(180, 'IS-1120', 0, '2020-08-29 00:54:40', '0000-00-00 00:00:00'),
(181, 'IS-1908', 0, '2020-08-29 00:55:07', '0000-00-00 00:00:00'),
(182, 'IS-1660', 0, '2020-08-29 00:55:55', '0000-00-00 00:00:00'),
(183, 'IS-1651', 0, '2020-08-29 00:56:14', '0000-00-00 00:00:00'),
(184, 'IS-1877', 0, '2020-08-29 00:56:35', '0000-00-00 00:00:00'),
(185, 'IS-1761', 0, '2020-08-29 00:57:07', '0000-00-00 00:00:00'),
(186, 'IS-1515', 0, '2020-08-29 00:57:55', '0000-00-00 00:00:00'),
(187, 'IS-1563', 0, '2020-08-29 00:58:14', '0000-00-00 00:00:00'),
(188, 'IS-1150', 0, '2020-08-29 01:09:50', '0000-00-00 00:00:00'),
(189, 'IS-1401', 0, '2020-08-29 01:10:26', '0000-00-00 00:00:00'),
(190, 'IS-1539', 0, '2020-08-29 01:10:35', '0000-00-00 00:00:00'),
(191, 'IS-1037', 0, '2020-08-29 01:12:26', '0000-00-00 00:00:00'),
(192, 'IS-1088', 0, '2020-08-29 01:12:35', '0000-00-00 00:00:00'),
(193, 'IS-1854', 0, '2020-08-29 01:13:41', '0000-00-00 00:00:00'),
(194, 'IS-1062', 0, '2020-08-29 01:15:41', '0000-00-00 00:00:00'),
(195, 'IS-1195', 0, '2020-08-29 01:16:56', '0000-00-00 00:00:00'),
(196, 'IS-1284', 0, '2020-08-29 01:17:04', '0000-00-00 00:00:00'),
(197, 'IS-1755', 0, '2020-08-29 01:17:09', '0000-00-00 00:00:00'),
(198, 'IS-1466', 0, '2020-08-29 01:17:48', '0000-00-00 00:00:00'),
(199, 'IS-1975', 0, '2020-08-29 01:18:53', '0000-00-00 00:00:00'),
(200, 'IS-1206', 0, '2020-08-29 01:18:56', '0000-00-00 00:00:00'),
(201, 'IS-1900', 0, '2020-08-29 01:19:04', '0000-00-00 00:00:00'),
(202, 'IS-1189', 0, '2020-08-29 01:19:32', '0000-00-00 00:00:00'),
(203, 'IS-1981', 0, '2020-08-29 01:19:48', '0000-00-00 00:00:00'),
(204, 'IS-1348', 0, '2020-08-29 01:20:53', '0000-00-00 00:00:00'),
(205, 'IS-1155', 0, '2020-08-29 01:21:32', '0000-00-00 00:00:00'),
(206, 'IS-1543', 0, '2020-08-29 01:22:38', '0000-00-00 00:00:00'),
(207, 'IS-1815', 0, '2020-08-29 01:22:55', '0000-00-00 00:00:00'),
(208, 'IS-1142', 0, '2020-08-29 01:24:38', '0000-00-00 00:00:00'),
(209, 'IS-1026', 0, '2020-08-29 01:24:55', '0000-00-00 00:00:00'),
(210, 'IS-1492', 0, '2020-08-29 01:25:48', '0000-00-00 00:00:00'),
(211, 'IS-1003', 0, '2020-08-29 01:27:48', '0000-00-00 00:00:00'),
(212, 'IS-1129', 0, '2020-08-29 01:32:19', '0000-00-00 00:00:00'),
(213, 'IS-1216', 0, '2020-08-29 01:33:14', '0000-00-00 00:00:00'),
(214, 'IS-1642', 0, '2020-08-29 01:33:27', '0000-00-00 00:00:00'),
(215, 'IS-1147', 0, '2020-08-29 01:34:19', '0000-00-00 00:00:00'),
(216, 'IS-1960', 0, '2020-08-29 01:34:48', '0000-00-00 00:00:00'),
(217, 'IS-1878', 0, '2020-08-29 01:34:56', '0000-00-00 00:00:00'),
(218, 'IS-1918', 0, '2020-08-29 01:36:56', '0000-00-00 00:00:00'),
(219, 'IS-1761', 0, '2020-08-29 01:37:59', '0000-00-00 00:00:00'),
(220, 'IS-1685', 0, '2020-08-29 01:38:29', '0000-00-00 00:00:00'),
(221, 'IS-1423', 0, '2020-08-29 01:38:44', '0000-00-00 00:00:00'),
(222, 'IS-1940', 0, '2020-08-29 01:39:00', '0000-00-00 00:00:00'),
(223, 'IS-1387', 0, '2020-08-29 01:39:59', '0000-00-00 00:00:00'),
(224, 'IS-1035', 0, '2020-08-29 01:40:18', '0000-00-00 00:00:00'),
(225, 'IS-1034', 0, '2020-08-29 01:40:29', '0000-00-00 00:00:00'),
(226, 'IS-1031', 0, '2020-08-29 01:40:39', '0000-00-00 00:00:00'),
(227, 'IS-1238', 0, '2020-08-29 01:40:44', '0000-00-00 00:00:00'),
(228, 'IS-1024', 0, '2020-08-29 01:41:00', '0000-00-00 00:00:00'),
(229, 'IS-1899', 0, '2020-08-29 01:41:59', '0000-00-00 00:00:00'),
(230, 'IS-1198', 0, '2020-08-29 01:42:18', '0000-00-00 00:00:00'),
(231, 'IS-1724', 0, '2020-08-29 01:42:39', '0000-00-00 00:00:00'),
(232, 'IS-1538', 0, '2020-08-29 01:43:00', '0000-00-00 00:00:00'),
(233, 'IS-1953', 0, '2020-08-29 01:51:23', '0000-00-00 00:00:00'),
(234, 'IS-1665', 0, '2020-08-29 01:51:45', '0000-00-00 00:00:00'),
(235, 'IS-1878', 0, '2020-08-29 01:53:18', '0000-00-00 00:00:00'),
(236, 'IS-1850', 0, '2020-08-29 01:53:41', '0000-00-00 00:00:00'),
(237, 'IS-1877', 0, '2020-08-29 01:53:44', '0000-00-00 00:00:00'),
(238, 'IS-1721', 0, '2020-08-29 01:54:04', '0000-00-00 00:00:00'),
(239, 'IS-1401', 0, '2020-08-29 01:55:13', '0000-00-00 00:00:00'),
(240, 'IS-1719', 0, '2020-08-29 01:55:41', '0000-00-00 00:00:00'),
(241, 'IS-1066', 0, '2020-08-29 01:56:04', '0000-00-00 00:00:00'),
(242, 'IS-1049', 0, '2020-08-29 01:56:25', '0000-00-00 00:00:00'),
(243, 'IS-1019', 0, '2020-08-29 01:56:58', '0000-00-00 00:00:00'),
(244, 'IS-1654', 0, '2020-08-29 01:57:13', '0000-00-00 00:00:00'),
(245, 'IS-1936', 0, '2020-08-29 01:57:41', '0000-00-00 00:00:00'),
(246, 'IS-1052', 0, '2020-08-29 01:58:25', '0000-00-00 00:00:00'),
(247, 'IS-1911', 0, '2020-08-29 01:58:58', '0000-00-00 00:00:00'),
(248, 'IS-1543', 0, '2020-08-29 02:04:34', '0000-00-00 00:00:00'),
(249, 'IS-1139', 0, '2020-08-29 02:06:34', '0000-00-00 00:00:00'),
(250, 'IS-1454', 0, '2020-08-29 02:18:07', '0000-00-00 00:00:00'),
(251, 'IS-1059', 297000, '2020-08-29 02:18:35', '0000-00-00 00:00:00'),
(252, 'IS-1674', 0, '2020-08-29 02:22:13', '0000-00-00 00:00:00'),
(253, 'IS-1993', 0, '2020-08-29 02:22:40', '0000-00-00 00:00:00'),
(254, 'IS-1316', 0, '2020-08-29 02:53:31', '0000-00-00 00:00:00'),
(255, 'IS-1408', 0, '2020-08-29 02:55:31', '0000-00-00 00:00:00'),
(256, 'IS-1728', 0, '2020-08-29 03:00:46', '0000-00-00 00:00:00'),
(257, 'IS-1662', 0, '2020-08-29 03:00:58', '0000-00-00 00:00:00'),
(258, 'IS-1789', 0, '2020-08-29 03:02:58', '0000-00-00 00:00:00'),
(259, 'IS-1259', 0, '2020-08-29 03:04:49', '0000-00-00 00:00:00'),
(260, 'IS-1877', 0, '2020-08-29 03:05:41', '0000-00-00 00:00:00'),
(261, 'IS-1783', 0, '2020-08-29 03:05:50', '0000-00-00 00:00:00'),
(262, 'IS-1233', 0, '2020-08-29 03:06:38', '0000-00-00 00:00:00'),
(263, 'IS-1594', 0, '2020-08-29 03:07:50', '0000-00-00 00:00:00'),
(264, 'IS-1995', 0, '2020-08-29 03:08:38', '0000-00-00 00:00:00'),
(265, 'IS-1361', 0, '2020-08-29 03:14:14', '0000-00-00 00:00:00'),
(266, 'IS-1142', 0, '2020-08-29 03:21:21', '0000-00-00 00:00:00'),
(267, 'IS-1513', 0, '2020-08-29 03:22:18', '0000-00-00 00:00:00'),
(268, 'IS-1692', 297000, '2020-08-29 03:22:38', '0000-00-00 00:00:00'),
(269, 'IS-1233', 0, '2020-08-29 03:23:37', '0000-00-00 00:00:00'),
(270, 'IS-1673', 0, '2020-08-29 03:44:25', '0000-00-00 00:00:00'),
(271, 'IS-1926', 0, '2020-08-29 03:44:41', '0000-00-00 00:00:00'),
(272, 'IS-1872', 0, '2020-08-29 03:46:05', '0000-00-00 00:00:00'),
(273, 'IS-1798', 0, '2020-08-29 03:48:59', '0000-00-00 00:00:00'),
(274, 'IS-1208', 0, '2020-08-29 03:52:49', '0000-00-00 00:00:00'),
(275, 'IS-1318', 66000, '2020-08-29 05:43:00', '0000-00-00 00:00:00'),
(276, 'IS-1715', 66000, '2020-08-29 05:45:19', '0000-00-00 00:00:00'),
(277, 'IS-1794', 66000, '2020-08-29 05:55:22', '0000-00-00 00:00:00'),
(278, 'IS-1640', 242000, '2020-08-29 16:47:26', '0000-00-00 00:00:00'),
(279, 'IS-1369', 146300, '2020-08-29 23:05:13', '0000-00-00 00:00:00'),
(280, 'IS-1867', 110000, '2020-08-30 00:17:51', '0000-00-00 00:00:00'),
(281, 'IS-1535', 96800, '2020-08-30 00:27:37', '0000-00-00 00:00:00'),
(282, 'IS-1650', 110000, '2020-08-30 01:31:40', '0000-00-00 00:00:00'),
(283, 'IS-1245', 77000, '2020-08-30 04:49:23', '0000-00-00 00:00:00'),
(284, 'IS-1816', 33000, '2020-08-30 04:52:45', '0000-00-00 00:00:00'),
(285, 'IS-1047', 69300, '2020-08-30 07:34:11', '0000-00-00 00:00:00'),
(286, 'IS-1162', 470800, '2020-08-30 08:35:06', '0000-00-00 00:00:00'),
(287, 'IS-1238', 209000, '2020-08-30 10:06:01', '0000-00-00 00:00:00'),
(288, 'IS-1457', 66000, '2020-08-30 14:08:12', '0000-00-00 00:00:00'),
(289, 'IS-1792', 77000, '2020-08-30 15:07:35', '0000-00-00 00:00:00'),
(290, 'IS-1096', 627000, '2020-08-30 22:52:04', '0000-00-00 00:00:00'),
(291, 'IS-1081', 44000, '2020-08-30 22:56:27', '0000-00-00 00:00:00'),
(292, 'IS-1341', 212300, '2020-08-31 02:21:16', '0000-00-00 00:00:00'),
(293, 'IS-1452', 297000, '2020-09-05 15:07:12', '0000-00-00 00:00:00'),
(294, 'IS-1022', 242000, '2020-09-06 13:19:49', '0000-00-00 00:00:00'),
(295, 'IS-1951', 242000, '2020-09-07 03:26:09', '0000-00-00 00:00:00'),
(296, 'IS-1973', 0, '2020-09-11 14:05:57', '0000-00-00 00:00:00'),
(297, 'IS-1423', 0, '2020-09-11 14:06:49', '0000-00-00 00:00:00'),
(298, 'IS-1748', 0, '2020-09-11 14:08:49', '0000-00-00 00:00:00'),
(299, 'IS-1247', 88000, '2020-09-11 14:50:33', '0000-00-00 00:00:00'),
(300, 'IS-1715', 44000, '2020-09-11 14:59:27', '0000-00-00 00:00:00'),
(301, 'IS-1459', 88000, '2020-09-11 15:04:13', '0000-00-00 00:00:00'),
(302, 'IS-1347', 88000, '2020-09-11 15:36:41', '0000-00-00 00:00:00'),
(303, 'IS-1523', 88000, '2020-09-11 15:38:40', '0000-00-00 00:00:00'),
(304, 'IS-1834', 1144000, '2020-09-11 15:42:27', '0000-00-00 00:00:00'),
(305, 'IS-1509', 132000, '2020-09-12 00:25:35', '0000-00-00 00:00:00'),
(306, 'IS-1007', 44000, '2020-09-12 00:34:43', '0000-00-00 00:00:00'),
(307, 'IS-1954', 88000, '2020-09-12 07:02:04', '0000-00-00 00:00:00'),
(308, 'IS-1019', 88000, '2020-09-12 09:03:39', '0000-00-00 00:00:00'),
(309, 'IS-1821', 88000, '2020-09-12 09:06:16', '0000-00-00 00:00:00'),
(310, 'IS-1561', 88000, '2020-09-12 09:09:39', '0000-00-00 00:00:00'),
(311, 'IS-1284', 88000, '2020-09-12 09:16:45', '0000-00-00 00:00:00'),
(312, 'IS-1258', 88000, '2020-09-12 09:17:51', '0000-00-00 00:00:00'),
(313, 'IS-1013', 44000, '2020-09-12 09:19:02', '0000-00-00 00:00:00'),
(314, 'IS-1189', 33000, '2020-09-12 09:20:45', '0000-00-00 00:00:00'),
(315, 'IS-1251', 44000, '2020-09-12 09:21:37', '0000-00-00 00:00:00'),
(316, 'IS-1862', 88000, '2020-09-12 10:31:25', '0000-00-00 00:00:00'),
(317, 'IS-1548', 88000, '2020-09-12 10:33:19', '0000-00-00 00:00:00'),
(318, 'IS-1762', 88000, '2020-09-12 10:35:20', '0000-00-00 00:00:00'),
(319, 'IS-1151', 330000, '2020-09-13 02:12:07', '0000-00-00 00:00:00'),
(320, 'IS-1046', 132000, '2020-09-13 02:14:31', '0000-00-00 00:00:00'),
(321, 'IS-1442', 44000, '2020-09-13 02:14:54', '0000-00-00 00:00:00'),
(322, 'IS-1166', 44000, '2020-09-13 04:29:01', '0000-00-00 00:00:00'),
(323, 'IS-1326', 44000, '2020-09-13 04:29:58', '0000-00-00 00:00:00'),
(324, 'IS-1789', 88000, '2020-09-13 09:13:10', '0000-00-00 00:00:00'),
(325, 'IS-1645', 66000, '2020-09-13 17:25:10', '0000-00-00 00:00:00'),
(326, 'IS-1404', 88000, '2020-09-13 17:27:58', '0000-00-00 00:00:00'),
(327, 'IS-1630', 66000, '2020-09-13 17:29:54', '0000-00-00 00:00:00'),
(328, 'IS-1980', 44000, '2020-09-13 17:45:23', '0000-00-00 00:00:00'),
(329, 'IS-1002', 55000, '2020-09-14 00:35:30', '0000-00-00 00:00:00'),
(330, 'IS-1128', 104500, '2020-09-14 02:34:23', '0000-00-00 00:00:00'),
(331, 'IS-1794', 99000, '2020-09-14 02:37:19', '0000-00-00 00:00:00'),
(332, 'IS-1035', 198000, '2020-09-15 13:48:28', '0000-00-00 00:00:00'),
(333, 'IS-1082', 209000, '2020-10-12 01:39:14', '0000-00-00 00:00:00'),
(334, 'IS-1660', 154000, '2020-10-12 12:48:39', '0000-00-00 00:00:00'),
(335, 'IS-1150', 44000, '2020-10-12 13:56:34', '0000-00-00 00:00:00'),
(336, 'IS-1431', 44000, '2020-10-13 01:09:20', '0000-00-00 00:00:00'),
(337, 'IS-1668', 22000, '2020-10-13 01:45:22', '0000-00-00 00:00:00'),
(338, 'IS-1583', 121000, '2020-10-13 11:44:09', '0000-00-00 00:00:00'),
(339, 'IS-1504', 22000, '2020-10-13 11:58:59', '0000-00-00 00:00:00'),
(340, 'IS-1449', 66000, '2020-10-13 12:10:26', '0000-00-00 00:00:00'),
(341, 'IS-1550', 264000, '2020-10-13 12:11:23', '0000-00-00 00:00:00'),
(342, 'IS-1369', 55000, '2020-10-13 12:16:02', '0000-00-00 00:00:00'),
(343, 'IS-1286', 44000, '2020-10-13 12:20:26', '0000-00-00 00:00:00'),
(344, 'IS-1700', 77000, '2020-10-13 12:27:13', '0000-00-00 00:00:00'),
(345, 'IS-1068', 88000, '2020-10-13 12:29:45', '0000-00-00 00:00:00'),
(346, 'IS-1209', 66000, '2020-10-13 12:30:37', '0000-00-00 00:00:00'),
(347, 'IS-1876', 55000, '2020-10-13 12:31:29', '0000-00-00 00:00:00'),
(348, 'IS-1649', 66000, '2020-10-13 12:32:18', '0000-00-00 00:00:00'),
(349, 'IS-1583', 55000, '2020-10-13 12:33:05', '0000-00-00 00:00:00'),
(350, 'IS-1489', 55000, '2020-10-13 12:34:14', '0000-00-00 00:00:00'),
(351, 'IS-1235', 66000, '2020-10-13 12:35:00', '0000-00-00 00:00:00'),
(352, 'IS-1994', 66000, '2020-10-13 12:35:27', '0000-00-00 00:00:00'),
(353, 'IS-1152', 132000, '2020-10-13 12:36:49', '0000-00-00 00:00:00'),
(354, 'IS-1819', 55000, '2020-10-13 12:48:45', '0000-00-00 00:00:00'),
(355, 'IS-1738', 77000, '2020-10-13 12:49:33', '0000-00-00 00:00:00'),
(356, 'IS-1910', 319000, '2020-10-13 12:53:38', '0000-00-00 00:00:00'),
(357, 'IS-1071', 297000, '2020-10-13 12:56:49', '0000-00-00 00:00:00'),
(358, 'IS-1294', 704000, '2020-10-13 12:58:09', '0000-00-00 00:00:00'),
(359, 'IS-1099', 825000, '2020-10-13 12:59:18', '0000-00-00 00:00:00'),
(360, 'IS-1087', 198000, '2020-10-13 13:04:01', '0000-00-00 00:00:00'),
(361, 'IS-1713', 22000, '2020-10-13 16:19:14', '0000-00-00 00:00:00'),
(362, 'IS-1434', 132000, '2020-10-14 03:03:12', '0000-00-00 00:00:00');

-- --------------------------------------------------------

--
-- Struktur dari tabel `orders`
--

CREATE TABLE `orders` (
  `order_id` int(10) NOT NULL,
  `history_id` int(11) NOT NULL,
  `product_id` int(11) NOT NULL,
  `order_qty` int(11) NOT NULL,
  `total_price` int(11) NOT NULL
) ENGINE=InnoDB DEFAULT CHARSET=utf8mb4;

--
-- Dumping data untuk tabel `orders`
--

INSERT INTO `orders` (`order_id`, `history_id`, `product_id`, `order_qty`, `total_price`) VALUES
(167, 151, 34, 3, 90000),
(172, 155, 36, 2, 120000),
(173, 155, 37, 3, 150000),
(174, 157, 36, 2, 120000),
(175, 157, 37, 3, 150000),
(176, 158, 36, 2, 120000),
(177, 158, 37, 3, 150000),
(178, 159, 36, 2, 120000),
(179, 159, 37, 3, 150000),
(180, 160, 36, 2, 120000),
(181, 160, 37, 3, 150000),
(182, 251, 36, 2, 120000),
(183, 251, 37, 3, 150000),
(184, 268, 36, 2, 120000),
(185, 268, 37, 3, 150000),
(186, 275, 36, 1, 60000),
(187, 276, 36, 1, 60000),
(188, 277, 36, 1, 60000),
(189, 278, 36, 1, 60000),
(190, 278, 37, 1, 40000),
(191, 278, 38, 2, 120000),
(192, 279, 36, 1, 60000),
(193, 279, 37, 1, 40000),
(194, 279, 42, 1, 33000),
(195, 280, 36, 1, 60000),
(196, 280, 37, 1, 40000),
(197, 281, 36, 1, 60000),
(198, 281, 41, 1, 28000),
(199, 282, 36, 1, 60000),
(200, 282, 40, 1, 10000),
(201, 282, 38, 1, 30000),
(202, 283, 37, 1, 40000),
(203, 283, 38, 1, 30000),
(204, 284, 38, 1, 30000),
(205, 285, 38, 1, 30000),
(206, 285, 42, 1, 33000),
(207, 286, 57, 1, 40000),
(208, 286, 61, 3, 360000),
(209, 286, 41, 1, 28000),
(210, 287, 38, 1, 30000),
(211, 287, 37, 2, 160000),
(212, 288, 36, 1, 60000),
(213, 289, 36, 1, 60000),
(214, 289, 40, 1, 10000),
(215, 290, 49, 3, 450000),
(216, 290, 44, 1, 60000),
(217, 290, 45, 1, 60000),
(218, 291, 37, 1, 40000),
(219, 292, 37, 1, 40000),
(220, 292, 38, 2, 120000),
(221, 292, 42, 1, 33000),
(222, 293, 36, 2, 120000),
(223, 293, 37, 3, 150000),
(224, 294, 36, 2, 120000),
(225, 294, 37, 2, 100000),
(226, 295, 36, 2, 120000),
(227, 295, 37, 2, 100000),
(228, 299, 93, 1, 40000),
(229, 299, 92, 1, 40000),
(230, 300, 90, 1, 40000),
(231, 301, 90, 1, 40000),
(232, 301, 92, 1, 40000),
(233, 302, 90, 1, 40000),
(234, 302, 92, 1, 40000),
(235, 303, 93, 1, 40000),
(236, 303, 98, 1, 40000),
(237, 304, 93, 1, 40000),
(238, 304, 98, 5, 1000000),
(239, 305, 93, 1, 40000),
(240, 305, 92, 1, 40000),
(241, 305, 90, 1, 40000),
(242, 306, 90, 1, 40000),
(243, 307, 93, 1, 40000),
(244, 307, 98, 1, 40000),
(245, 308, 98, 1, 40000),
(246, 308, 93, 1, 40000),
(247, 309, 90, 1, 40000),
(248, 309, 93, 1, 40000),
(249, 310, 90, 1, 40000),
(250, 310, 93, 1, 40000),
(251, 311, 90, 1, 40000),
(252, 311, 93, 1, 40000),
(253, 312, 93, 1, 40000),
(254, 312, 98, 1, 40000),
(255, 313, 90, 1, 40000),
(256, 314, 102, 1, 30000),
(257, 315, 93, 1, 40000),
(258, 316, 98, 1, 40000),
(259, 316, 93, 1, 40000),
(260, 317, 98, 1, 40000),
(261, 317, 93, 1, 40000),
(262, 318, 93, 1, 40000),
(263, 318, 98, 1, 40000),
(264, 319, 98, 1, 40000),
(265, 319, 104, 1, 40000),
(266, 319, 102, 2, 120000),
(267, 319, 93, 1, 40000),
(268, 319, 90, 1, 40000),
(269, 319, 101, 1, 20000),
(270, 320, 98, 1, 40000),
(271, 320, 93, 1, 40000),
(272, 320, 104, 1, 40000),
(273, 321, 93, 1, 40000),
(274, 322, 98, 1, 40000),
(275, 323, 104, 1, 40000),
(276, 324, 104, 1, 40000),
(277, 324, 98, 1, 40000),
(278, 325, 111, 1, 40000),
(279, 325, 112, 1, 20000),
(280, 326, 111, 1, 40000),
(281, 326, 114, 1, 40000),
(282, 327, 112, 1, 20000),
(283, 327, 114, 1, 40000),
(284, 328, 114, 1, 40000),
(285, 329, 112, 1, 20000),
(286, 329, 113, 1, 30000),
(287, 330, 121, 1, 20000),
(288, 330, 119, 1, 40000),
(289, 330, 118, 1, 35000),
(290, 331, 111, 1, 40000),
(291, 331, 112, 1, 20000),
(292, 331, 113, 1, 30000),
(293, 332, 117, 1, 40000),
(294, 332, 118, 2, 140000),
(295, 333, 113, 1, 30000),
(296, 333, 116, 2, 160000),
(297, 334, 117, 1, 40000),
(298, 334, 116, 1, 40000),
(299, 334, 111, 1, 40000),
(300, 334, 112, 1, 20000),
(301, 335, 117, 1, 40000),
(302, 336, 117, 1, 40000),
(303, 337, 112, 1, 20000),
(304, 338, 113, 1, 30000),
(305, 338, 121, 2, 80000),
(306, 339, 121, 1, 20000),
(307, 340, 113, 1, 30000),
(308, 340, 125, 1, 30000),
(309, 341, 124, 2, 80000),
(310, 341, 123, 2, 160000),
(311, 342, 121, 1, 20000),
(312, 342, 125, 1, 30000),
(313, 343, 112, 1, 20000),
(314, 343, 124, 1, 20000),
(315, 344, 113, 1, 30000),
(316, 344, 123, 1, 40000),
(317, 345, 123, 1, 40000),
(318, 345, 112, 1, 20000),
(319, 345, 121, 1, 20000),
(320, 346, 123, 1, 40000),
(321, 346, 112, 1, 20000),
(322, 347, 121, 1, 20000),
(323, 347, 125, 1, 30000),
(324, 348, 112, 1, 20000),
(325, 348, 123, 1, 40000),
(326, 349, 125, 1, 30000),
(327, 349, 124, 1, 20000),
(328, 350, 125, 1, 30000),
(329, 350, 121, 1, 20000),
(330, 351, 124, 1, 20000),
(331, 351, 123, 1, 40000),
(332, 352, 124, 1, 20000),
(333, 352, 123, 1, 40000),
(334, 353, 124, 2, 40000),
(335, 353, 123, 2, 80000),
(336, 354, 121, 1, 20000),
(337, 354, 125, 1, 30000),
(338, 355, 125, 1, 30000),
(339, 355, 123, 1, 40000),
(340, 356, 113, 3, 270000),
(341, 356, 121, 1, 20000),
(342, 357, 125, 3, 270000),
(343, 358, 123, 4, 640000),
(344, 359, 113, 5, 750000),
(345, 360, 121, 3, 180000),
(346, 361, 124, 1, 20000),
(347, 362, 113, 2, 120000);

-- --------------------------------------------------------

--
-- Struktur dari tabel `product`
--

CREATE TABLE `product` (
  `product_id` int(11) NOT NULL,
  `category_id` int(11) NOT NULL,
  `product_name` varchar(100) NOT NULL,
  `product_price` int(11) NOT NULL,
  `product_img` varchar(255) NOT NULL,
  `product_created_at` timestamp NOT NULL DEFAULT current_timestamp(),
  `product_update_at` timestamp NOT NULL DEFAULT '0000-00-00 00:00:00',
  `product_status` int(1) NOT NULL
) ENGINE=InnoDB DEFAULT CHARSET=utf8mb4;

--
-- Dumping data untuk tabel `product`
--

INSERT INTO `product` (`product_id`, `category_id`, `product_name`, `product_price`, `product_img`, `product_created_at`, `product_update_at`, `product_status`) VALUES
(112, 13, 'Red Velvet Latte', 20000, '2020-10-13T15-51-37.629Z-2020-10-13T11-43-17.012Z-green-macha-tea.jpg', '2020-09-13 15:44:06', '2020-10-13 15:51:37', 1),
(113, 2, 'Friench Fries', 30000, '2020-09-13T23-07-20.412Z-frienchFries.jpg', '2020-09-13 15:45:05', '2020-09-13 23:07:20', 1),
(124, 13, 'Coffe Latte velvet', 20000, '2020-10-13T11-45-05.268Z-wiener.png', '2020-10-13 11:42:51', '2020-10-13 11:45:05', 1),
(129, 13, 'Latte', 20000, '2020-10-13T16-18-24.690Z-2020-09-13T15-42-26.728Z-redvelvet.png', '2020-10-13 16:18:24', '0000-00-00 00:00:00', 1);

-- --------------------------------------------------------

--
-- Struktur dari tabel `user`
--

CREATE TABLE `user` (
  `user_id` int(11) NOT NULL,
  `user_email` varchar(150) NOT NULL,
  `user_password` varchar(255) NOT NULL,
  `user_name` varchar(100) NOT NULL,
  `user_role` int(1) NOT NULL,
  `user_created_at` timestamp NOT NULL DEFAULT current_timestamp() ON UPDATE current_timestamp(),
  `user_updated_at` timestamp NOT NULL DEFAULT '0000-00-00 00:00:00',
  `user_status` int(1) NOT NULL
) ENGINE=InnoDB DEFAULT CHARSET=utf8mb4;

--
-- Dumping data untuk tabel `user`
--

INSERT INTO `user` (`user_id`, `user_email`, `user_password`, `user_name`, `user_role`, `user_created_at`, `user_updated_at`, `user_status`) VALUES
(18, 'iqbalstwan@yahoo.com', '$2b$08$EzZqtUAfmGfcfBahwjWky.Hn22FprKruJn4llXEKI52F./1.hz8Si', 'browan', 1, '2020-09-07 00:20:33', '0000-00-00 00:00:00', 1),
(19, 'iqbalstwan@rokky.com', '$2b$08$2FM8Ca/56xDXdR2lQyiK9OKVdG8HbCRvZLOIj81HGRFU7z5JBYkFi', 'wanwan', 2, '2020-09-13 12:14:10', '2020-09-13 12:14:10', 1),
(20, 'iqbalstwan@outlook.com', '$2b$08$6MPen9U99skPiCBVsPgIBuNWD0XQIkGidzb4aXumyd.fy92jv7Y5m', 'wan', 2, '2020-09-07 03:29:10', '2020-09-07 03:29:10', 1),
(21, 'iqbalstwan@roky.com', '$2b$08$NgqnFXg11c8uo0nU8ZWhBOkNxv./K781XO8Tp.n1P/kkN2hICfERS', 'wan', 2, '2020-09-14 00:37:27', '2020-09-14 00:37:27', 0),
(22, 'iqbalstwan@racy.com', '$2b$08$UtMvukZjHCwOh4jR7BQCv.t7ASJbr3JcU/OKGA6Gd1y9.r6/O2nLW', 'wan', 2, '2020-09-14 00:33:27', '2020-09-14 00:33:27', 1),
(23, 'iqbalstwan@racky.com', '$2b$08$nDVxZDTzlXc4xfLptxMktOb5HRfEvMqhh3KaHX2wmPcf.jizkXoIi', 'ass', 2, '2020-09-09 13:16:27', '2020-09-09 13:16:27', 1),
(24, 'iqbalwan@rackyy.com', '$2b$08$ciaiBSi5xab/qdFTiJ5l8u3VRerPsRNpKoTsSxPhhBsYPj2igNYrK', 'brobro', 2, '2020-09-13 04:25:32', '2020-09-13 04:25:32', 1),
(29, 'iqbalwan@rackyss.com', '$2b$08$g3Yv00.WuFQRYUbOdeMSDOXcTwulNXbC9aqQN1mtVMkCobfBc2kk.', 'wanii', 2, '2020-09-13 04:43:38', '0000-00-00 00:00:00', 0),
(30, 'iqbalwan@rackyssss.com', '$2b$08$u5W/zg7i4xI5k6x6p4ZDgeo.tdl8B9pysELl9q2CR2MGG1B.Cy.e6', 'wanan', 2, '2020-09-13 04:46:01', '0000-00-00 00:00:00', 0),
(31, 'iqbalstwan@yahoo0.com', '$2b$08$t9Nkv2XN6B2m3RurIvmpXe3mDUVvWeI2MEqqjQUM8cdr5.9v1IZDa', 'rock lee', 2, '2020-09-13 05:33:48', '0000-00-00 00:00:00', 0),
(32, 'iqbalstwan@yahoo00.com', '$2b$08$z208XkIfiOLzYOQyrSbWte4..AdzpKbcsMmEWqn/RusIQSkDSYji6', 'kuqw', 2, '2020-09-13 05:34:34', '0000-00-00 00:00:00', 0),
(33, 'iqbalstwan@gmail.com', '$2b$08$eAa4Vqvni8ddThFMX0FKduNUUN0dvj3AEx/bvVSwKnqlcATXUR4XK', 'wanwann', 2, '2020-09-14 02:36:39', '2020-09-14 02:36:39', 1),
(34, 'Noodle@yahoo.com', '$2b$08$FQbeEMzXRi93Wsv64winTuHWaU2mQ/r.q8YxLnwTikRn/xtHe9Igy', 'wanwanaa', 2, '2020-09-14 03:20:42', '0000-00-00 00:00:00', 0),
(35, 'Noodlee@gmail.com', '$2b$08$gaglhAn96C/8JTUJInWiUOoM/aqfOWpA9WM3v8baUzl018yeIsYYy', 'poni', 2, '2020-09-14 03:21:50', '0000-00-00 00:00:00', 0),
(36, 'roy@mail.com', '$2b$08$D3WLCRiUehijwQu3ULF42usbffixyG8wQEwkul/u5zXFRfuBx5goq', 'roy', 2, '2020-10-13 14:55:16', '0000-00-00 00:00:00', 0),
(37, 'maxi@yahoo.com', '$2b$08$p2IuWOwdz6WjLEjhuu4Bk./TNdn3s6QAp.XxewalbbJwvqnRgUCEu', 'maxi', 2, '2020-10-13 15:06:14', '0000-00-00 00:00:00', 0);

--
-- Indexes for dumped tables
--

--
-- Indeks untuk tabel `category`
--
ALTER TABLE `category`
  ADD PRIMARY KEY (`category_id`);

--
-- Indeks untuk tabel `history`
--
ALTER TABLE `history`
  ADD PRIMARY KEY (`history_id`);

--
-- Indeks untuk tabel `orders`
--
ALTER TABLE `orders`
  ADD PRIMARY KEY (`order_id`);

--
-- Indeks untuk tabel `product`
--
ALTER TABLE `product`
  ADD PRIMARY KEY (`product_id`);

--
-- Indeks untuk tabel `user`
--
ALTER TABLE `user`
  ADD PRIMARY KEY (`user_id`);

--
-- AUTO_INCREMENT untuk tabel yang dibuang
--

--
-- AUTO_INCREMENT untuk tabel `category`
--
ALTER TABLE `category`
  MODIFY `category_id` int(10) NOT NULL AUTO_INCREMENT, AUTO_INCREMENT=16;

--
-- AUTO_INCREMENT untuk tabel `history`
--
ALTER TABLE `history`
  MODIFY `history_id` int(11) NOT NULL AUTO_INCREMENT, AUTO_INCREMENT=363;

--
-- AUTO_INCREMENT untuk tabel `orders`
--
ALTER TABLE `orders`
  MODIFY `order_id` int(10) NOT NULL AUTO_INCREMENT, AUTO_INCREMENT=348;

--
-- AUTO_INCREMENT untuk tabel `product`
--
ALTER TABLE `product`
  MODIFY `product_id` int(11) NOT NULL AUTO_INCREMENT, AUTO_INCREMENT=130;

--
-- AUTO_INCREMENT untuk tabel `user`
--
ALTER TABLE `user`
  MODIFY `user_id` int(11) NOT NULL AUTO_INCREMENT, AUTO_INCREMENT=38;
COMMIT;

/*!40101 SET CHARACTER_SET_CLIENT=@OLD_CHARACTER_SET_CLIENT */;
/*!40101 SET CHARACTER_SET_RESULTS=@OLD_CHARACTER_SET_RESULTS */;
/*!40101 SET COLLATION_CONNECTION=@OLD_COLLATION_CONNECTION */;
